location_id,neighborhood_name,period_start,period_end,status,property_type,sold_count,median_sale_price,median_close_price,median_price_per_sqft,median_sold_to_list_pct,median_dom,median_cdom,median_sqft,median_beds,median_baths,median_year_built,active_count,median_active_list_price,source,source_url,pulled_date
loc-007,Spring Branch,2025-01-01,2026-10-09,Sold,All,2352,430000,427875,215.85,97.97,23,42,2073,3,2,2002,536,469900,HAR Matrix Statistics Sheet,https://matrix.harmls.com/Matrix/Statistics.aspx,2026-10-09
loc-002,The Heights,2025-01-01,2026-10-09,Sold,All,1969,675000,669650,319.48,98.38,20,39,2307,3,2,2008,415,629999,HAR Matrix Statistics Sheet,https://matrix.harmls.com/Matrix/Statistics.aspx,2026-10-09
loc-003,Bellaire,2025-01-01,2026-10-09,Sold,All,393,1200000,1195000,321.60,97.67,15,22,3743,4,3,1999,63,899900,HAR Matrix Statistics Sheet,https://matrix.harmls.com/Matrix/Statistics.aspx,2026-10-09
loc-027,Briargrove,2025-01-01,2026-10-09,Sold,All,91,1312000,1302000,457.22,99.00,8,9,2982,4,3,1960,13,826000,HAR Matrix Statistics Sheet,https://matrix.harmls.com/Matrix/Statistics.aspx,2026-10-09
loc-032,Energy Corridor,2025-01-01,2026-10-09,Sold,All,1152,415000,413500,177.40,97.34,23,40,2346,3,2,1980,286,399950,HAR Matrix Statistics Sheet,https://matrix.harmls.com/Matrix/Statistics.aspx,2026-10-09
loc-034,Memorial West,2025-01-01,2026-10-09,Sold,All,1173,750000,747751,281.76,97.69,15,21,2504,4,2,1971,236,297900,HAR Matrix Statistics Sheet,https://matrix.harmls.com/Matrix/Statistics.aspx,2026-10-09
loc-005,Tanglewood,2025-01-01,2026-10-09,Sold,All,222,1282500,1282500,306.19,95.33,20,39,4003,4,3,1986,43,1275000,HAR Matrix Statistics Sheet,https://matrix.harmls.com/Matrix/Statistics.aspx,2026-10-09
loc-006,Memorial Villages,2025-01-01,2026-10-09,Sold,All,396,2500000,2500000,502.28,97.56,12,21,4772,4,4,1991,49,3000000,HAR Matrix Statistics Sheet,https://matrix.harmls.com/Matrix/Statistics.aspx,2026-10-09
loc-047,Shepherd Park Plaza,2025-01-01,2026-10-09,Sold,All,246,449900,444900,229.52,99.49,14,39,1952,3,2,2016,61,409900,HAR Matrix Statistics Sheet,https://matrix.harmls.com/Matrix/Statistics.aspx,2026-10-09
loc-043,Garden Oaks,2025-01-01,2026-10-09,Sold,All,159,820000,819500,369.59,97.94,22,47,2108,3,2,1949,39,1490000,HAR Matrix Statistics Sheet,https://matrix.harmls.com/Matrix/Statistics.aspx,2026-10-09
loc-008,Oak Forest,2025-01-01,2026-10-09,Sold,All,1054,483000,478929,275.74,98.01,21,42,1904,3,2,1970,200,457724,HAR Matrix Statistics Sheet,https://matrix.harmls.com/Matrix/Statistics.aspx,2026-10-09
loc-019,Timbergrove / Lazybrook,2025-01-01,2026-10-09,Sold,All,426,655000,650000,298.61,98.26,19,34,2171,3,2,2004,89,589000,HAR Matrix Statistics Sheet,https://matrix.harmls.com/Matrix/Statistics.aspx,2026-10-09
loc-010,Cottage Grove,2025-01-01,2026-10-09,Sold,All,307,500500,500000,220.45,98.29,22,45,2284,3,3,2014,102,480000,HAR Matrix Statistics Sheet,https://matrix.harmls.com/Matrix/Statistics.aspx,2026-10-09
loc-062,Meyerland Area,2025-01-01,2026-10-09,Sold,All,318,495500,490000,213.80,97.05,18,31,2317,4,2,1962,85,549000,HAR Matrix Statistics Sheet,https://matrix.harmls.com/Matrix/Statistics.aspx,2026-10-09
loc-021,Upper Kirby,2025-01-01,2026-10-09,Sold,All,108,675002,673750,273.08,97.05,33,57,2610,3,3,1995,29,960000,HAR Matrix Statistics Sheet,https://matrix.harmls.com/Matrix/Statistics.aspx,2026-10-09
loc-158,Greenway Plaza,2025-01-01,2026-10-09,Sold,All,54,196699,196524,200.00,97.14,43,104,1015,2,2,1979,18,169000,HAR Matrix Statistics Sheet,https://matrix.harmls.com/Matrix/Statistics.aspx,2026-10-09
loc-155,Highland Village / Midlane,2025-01-01,2026-10-09,Sold,All,74,1055000,1039569,327.95,96.82,20,55,2711,3,3,1989,14,1124500,HAR Matrix Statistics Sheet,https://matrix.harmls.com/Matrix/Statistics.aspx,2026-10-09
loc-009,Royden Oaks / Afton Oaks,2025-01-01,2026-10-09,Sold,All,68,1335000,1317500,400.11,96.71,15,32,3542,3,3,2005,10,1795000,HAR Matrix Statistics Sheet,https://matrix.harmls.com/Matrix/Statistics.aspx,2026-10-09
loc-028,Briargrove Park / Walnutbend,2025-01-01,2026-10-09,Sold,All,283,620000,615000,259.43,98.29,13,18,2326,4,2,1968,59,578000,HAR Matrix Statistics Sheet,https://matrix.harmls.com/Matrix/Statistics.aspx,2026-10-09
loc-017,River Oaks / River Oaks Shopping Area,2025-01-01,2026-10-09,Sold,All,439,1030000,1029900,332.44,96.91,28,50,3221,3,3,1994,84,1010000,HAR Matrix Statistics Sheet,https://matrix.harmls.com/Matrix/Statistics.aspx,2026-10-09
loc-156,Rice / Museum District,2025-01-01,2026-10-09,Sold,All,429,900000,897750,332.87,97.56,17,33,2738,3,3,1998,121,649900,HAR Matrix Statistics Sheet,https://matrix.harmls.com/Matrix/Statistics.aspx,2026-10-09
loc-022,Washington East / Sabine / Rice Military / Washington Corridor,2025-01-01,2026-10-09,Sold,All,809,505000,500000,228.65,98.10,24,55,2349,3,3,2008,240,525000,HAR Matrix Statistics Sheet,https://matrix.harmls.com/Matrix/Statistics.aspx,2026-10-09
loc-023,West University / Southside Area,2025-01-01,2026-10-09,Sold,All,457,1700000,1697400,504.84,98.97,8,11,3525,4,3,1996,57,1435000,HAR Matrix Statistics Sheet,https://matrix.harmls.com/Matrix/Statistics.aspx,2026-10-09
loc-057,Brays Oaks,2025-01-01,2026-10-09,Sold,All,943,268000,263000,139.20,96.77,28,46,1842,3,2,1969,307,259900,HAR Matrix Statistics Sheet,https://matrix.harmls.com/Matrix/Statistics.aspx,2026-10-09
loc-015,Montrose,2025-01-01,2026-10-09,Sold,All,596,690000,684250,270.84,97.55,26,47,2550,3,3,2001,165,775000,HAR Matrix Statistics Sheet,https://matrix.harmls.com/Matrix/Statistics.aspx,2026-10-09
,Memorial Close In,2025-01-01,2026-10-09,Sold,All,144,198750,198750,161.80,95.97,33,53,1306,2,2,1970,47,168000,HAR Matrix Statistics Sheet,https://matrix.harmls.com/Matrix/Statistics.aspx,2026-10-09
loc-014,Midtown Houston,2025-01-01,2026-10-09,Sold,All,249,374000,367400,204.53,97.53,28,59,1956,3,2,2004,103,398000,HAR Matrix Statistics Sheet,https://matrix.harmls.com/Matrix/Statistics.aspx,2026-10-09
loc-011,Downtown Houston,,,Sold,Townhouse/Condo,3,265000,260000,197.92,96.71,59,84,1242,1,1,1995,2,415000,HAR Matrix Statistics Sheet - 5 selected listings,https://matrix.harmls.com/Matrix/Statistics.aspx,2026-10-09
loc-012,Medical Center Area,2025-01-01,2026-10-09,Sold,All,573,270000,265000,157.27,96.15,43,70,1600,2,2,2003,261,149000,HAR Matrix Statistics Sheet,https://matrix.harmls.com/Matrix/Statistics.aspx,2026-10-09
loc-018,Riverside,2025-01-01,2026-10-09,Sold,All,109,400000,400000,186.63,97.74,39,81,2306,3,3,1952,48,529950,HAR Matrix Statistics Sheet,https://matrix.harmls.com/Matrix/Statistics.aspx,2026-10-09
loc-052,East End Revitalized,2025-01-01,2026-10-09,Sold,All,652,325000,322301,193.98,97.93,34,77,1675,3,2,1955,309,355000,HAR Matrix Statistics Sheet,https://matrix.harmls.com/Matrix/Statistics.aspx,2026-10-09
loc-020,University Area,2025-01-01,2026-10-09,Sold,All,723,302000,296000,172.13,98.15,34,74,1725,3,2,2013,319,299900,HAR Matrix Statistics Sheet,https://matrix.harmls.com/Matrix/Statistics.aspx,2026-10-09
loc-033,Galleria,2025-01-01,2026-10-09,Sold,All,547,310500,310000,181.49,96.08,33,65,1776,2,2,1978,283,269900,HAR Matrix Statistics Sheet,https://matrix.harmls.com/Matrix/Statistics.aspx,2026-10-09
loc-029,Briarmeadow / Tanglewilde,2025-01-01,2026-10-09,Sold,All,301,340000,333000,182.88,97.14,27,56,1695,3,2,1977,105,235000,HAR Matrix Statistics Sheet,https://matrix.harmls.com/Matrix/Statistics.aspx,2026-10-09
loc-101,Rivercrest,,,Sold,Single-Family,4,4337500,4337500,599.65,93.21,204,204,7021,4,4,1983,4,7625000,HAR Matrix Statistics Sheet - 8 selected listings,https://matrix.harmls.com/Matrix/Statistics.aspx,2026-10-09
loc-030,Charnwood / Briarbend,2025-01-01,2026-10-09,Sold,All,55,509000,509000,212.56,97.33,28,47,2218,3,2,1968,29,240000,HAR Matrix Statistics Sheet,https://matrix.harmls.com/Matrix/Statistics.aspx,2026-10-09
loc-026,Briar Hollow,2025-01-01,2026-10-09,Sold,All,50,887500,887500,317.96,97.33,32,71,3165,3,3,2000,22,874000,HAR Matrix Statistics Sheet,https://matrix.harmls.com/Matrix/Statistics.aspx,2026-10-09
loc-036,Westchase Area,2025-01-01,2026-10-09,Sold,All,277,384000,380000,157.99,96.32,36,61,2229,3,2,2001,131,115000,HAR Matrix Statistics Sheet,https://matrix.harmls.com/Matrix/Statistics.aspx,2026-10-09
loc-061,Knollwood / Woodside Area,2025-01-01,2026-10-09,Sold,All,182,495000,491825,223.93,97.29,20,49,2172,3,2,1959,44,599000,HAR Matrix Statistics Sheet,https://matrix.harmls.com/Matrix/Statistics.aspx,2026-10-09
,Willow Meadows Area,2025-01-01,2026-10-09,Sold,All,235,377000,375000,196.17,97.28,25,46,2074,3,2,1957,68,393700,HAR Matrix Statistics Sheet,https://matrix.harmls.com/Matrix/Statistics.aspx,2026-10-09
loc-024,Alief,2025-01-01,2026-10-09,Sold,All,1082,225500,224700,127.02,96.69,28,53,1720,3,2,1981,341,234900,HAR Matrix Statistics Sheet,https://matrix.harmls.com/Matrix/Statistics.aspx,2026-10-09
